{
  "n_episodes": 5,
  "mean_return": 0.8,
  "std_return": 1.9235384061671346,
  "median_return": 0.0,
  "q05": -0.8,
  "q95": 3.3999999999999995,
  "mean_length": 128.0,
  "raw_returns": [
    0.0,
    4.0,
    -1.0,
    1.0,
    0.0
  ]
}