{
  "n_episodes": 5,
  "mean_return": 0.2,
  "std_return": 1.6431676725154984,
  "median_return": 1.0,
  "q05": -1.8,
  "q95": 1.7999999999999998,
  "mean_length": 128.0,
  "raw_returns": [
    -2.0,
    1.0,
    1.0,
    2.0,
    -1.0
  ]
}