{
  "n_episodes": 3,
  "mean_return": -0.3333333333333333,
  "std_return": 3.055050463303893,
  "median_return": -1.0,
  "q05": -2.8,
  "q95": 2.5999999999999996,
  "mean_length": 128.0,
  "raw_returns": [
    -3.0,
    3.0,
    -1.0
  ]
}