{
  "n_episodes": 3,
  "mean_return": 0.0,
  "std_return": 2.6457513110645907,
  "median_return": -1.0,
  "q05": -1.9,
  "q95": 2.5999999999999996,
  "mean_length": 128.0,
  "raw_returns": [
    -2.0,
    3.0,
    -1.0
  ]
}